Workbook

Sheet Dashboard
A1: SALES PERFORMANCE DASHBOARD
A2: Formula-driven summary from the Sales_Data worksheet. Open in Excel to recalculate formulas.
A4: KPI | B4: Value | C4: Meaning
A5: Total Revenue | B5: =SUM(Sales_Data!H2:H41) | C5: Total sales value across all order statuses.
A6: Units Sold | B6: =SUM(Sales_Data!F2:F41) | C6: Total units across all orders.
A7: Order Count | B7: =COUNTA(Sales_Data!A2:A41) | C7: Number of order rows.
A8: Paid Revenue | B8: =SUMIFS(Sales_Data!H2:H41,Sales_Data!J2:J41,"Paid") | C8: Sales value from paid orders.
A9: Average Order Revenue | B9: =AVERAGE(Sales_Data!H2:H41) | C9: Average revenue per order row.
A11: Revenue by Region | E11: Revenue by Category
A12: Region | B12: Revenue | C12: Order Count | E12: Category | F12: Revenue
A13: West | B13: =SUMIF(Sales_Data!$C$2:$C$41,A13,Sales_Data!$H$2:$H$41) | C13: =COUNTIF(Sales_Data!$C$2:$C$41,A13) | E13: Electronics | F13: =SUMIF(Sales_Data!$E$2:$E$41,E13,Sales_Data!$H$2:$H$41)
A14: North | B14: =SUMIF(Sales_Data!$C$2:$C$41,A14,Sales_Data!$H$2:$H$41) | C14: =COUNTIF(Sales_Data!$C$2:$C$41,A14) | E14: Accessories | F14: =SUMIF(Sales_Data!$E$2:$E$41,E14,Sales_Data!$H$2:$H$41)
A15: South | B15: =SUMIF(Sales_Data!$C$2:$C$41,A15,Sales_Data!$H$2:$H$41) | C15: =COUNTIF(Sales_Data!$C$2:$C$41,A15)
A16: East | B16: =SUMIF(Sales_Data!$C$2:$C$41,A16,Sales_Data!$H$2:$H$41) | C16: =COUNTIF(Sales_Data!$C$2:$C$41,A16)
A19: Orders by Status
A20: Status | B20: Orders
A21: Paid | B21: =COUNTIF(Sales_Data!$J$2:$J$41,A21)
A22: Pending | B22: =COUNTIF(Sales_Data!$J$2:$J$41,A22)
A23: Cancelled | B23: =COUNTIF(Sales_Data!$J$2:$J$41,A23)

Sheet Sales_Data
A1: Order_ID | B1: Date | C1: Region | D1: Product | E1: Category | F1: Units | G1: Unit_Price | H1: Revenue | I1: Sales_Rep | J1: Status
A2: SO-2001 | B2: 2026-02-02 | C2: East | D2: Mouse | E2: Accessories | F2: 2 | G2: 650 | H2: =F2*G2 | I2: Rahul | J2: Paid
A3: SO-2002 | B3: 2026-03-03 | C3: South | D3: Laptop | E3: Electronics | F3: 3 | G3: 55000 | H3: =F3*G3 | I3: Zoya | J3: Pending
A4: SO-2003 | B4: 2026-01-04 | C4: South | D4: Mouse | E4: Accessories | F4: 4 | G4: 650 | H4: =F4*G4 | I4: Aman | J4: Paid
A5: SO-2004 | B5: 2026-02-05 | C5: North | D5: Monitor | E5: Electronics | F5: 5 | G5: 12500 | H5: =F5*G5 | I5: Neha | J5: Cancelled
A6: SO-2005 | B6: 2026-03-06 | C6: West | D6: Webcam | E6: Accessories | F6: 1 | G6: 1800 | H6: =F6*G6 | I6: Aisha | J6: Paid
A7: SO-2006 | B7: 2026-01-07 | C7: West | D7: Monitor | E7: Electronics | F7: 2 | G7: 12500 | H7: =F7*G7 | I7: Rahul | J7: Paid
A8: SO-2007 | B8: 2026-02-08 | C8: East | D8: Webcam | E8: Accessories | F8: 3 | G8: 1800 | H8: =F8*G8 | I8: Zoya | J8: Pending
A9: SO-2008 | B9: 2026-03-09 | C9: South | D9: Keyboard | E9: Accessories | F9: 4 | G9: 1200 | H9: =F9*G9 | I9: Aman | J9: Paid
A10: SO-2009 | B10: 2026-01-10 | C10: South | D10: Tablet | E10: Electronics | F10: 5 | G10: 22000 | H10: =F10*G10 | I10: Neha | J10: Cancelled
A11: SO-2010 | B11: 2026-02-11 | C11: North | D11: Keyboard | E11: Accessories | F11: 1 | G11: 1200 | H11: =F11*G11 | I11: Aisha | J11: Paid
A12: SO-2011 | B12: 2026-03-12 | C12: West | D12: Tablet | E12: Electronics | F12: 2 | G12: 22000 | H12: =F12*G12 | I12: Rahul | J12: Paid
A13: SO-2012 | B13: 2026-01-13 | C13: West | D13: Mouse | E13: Accessories | F13: 3 | G13: 650 | H13: =F13*G13 | I13: Zoya | J13: Pending
... A41: SO-2040 | B41: 2026-02-14 | C41: North | D41: Webcam | E41: Accessories | F41: 1 | G41: 1800 | H41: =F41*G41 | I41: Aisha | J41: Paid

Sheet How_to_Use
A1: Step | B1: Action | C1: Notes
A2: 1 | B2: Review Sales_Data | C2: The source dataset contains 40 sample orders; all data is fictional and for practice.
A3: 2 | B3: Check Revenue formula | C3: Revenue is calculated as Units × Unit_Price in each row.
A4: 3 | B4: Review Dashboard KPIs | C4: Summary values are formulas linked to the source worksheet.
A5: 4 | B5: Explore region and category summaries | C5: These formula-driven summaries demonstrate PivotTable-style grouping.
A6: 5 | B6: Build a real PivotTable (optional) | C6: Select Sales_Data > Insert > PivotTable; use Region/Category in Rows and Revenue in Values.
A7: 6 | B7: Refresh after changing data | C7: Excel Tables and PivotTables can be refreshed; formula ranges here are sized for 40 sample rows.
A8: 7 | B8: Interpret metrics carefully | C8: Total revenue includes all statuses; use Paid Revenue for paid orders only.
